1,Inception,2025-04-23 08:13:26.617559
3,Forrest Gump,2025-04-23 08:13:32.630455
1,Inception,2025-04-23 08:15:23.598080
1,Inception,2025-04-23 08:17:06.540589
2,The Dark Knight,2025-04-23 08:17:23.624847
1,Inception,2025-04-23 08:19:35.112700
2,The Dark Knight,2025-04-23 08:20:23.481478
1,Inception,2025-04-23 08:24:49.949848
2,The Dark Knight,2025-04-23 08:25:08.799991
92,Rocky,2025-04-23 08:29:08.821012
48,The Hateful Eight,2025-04-23 08:33:41.404928
44,Whiplash,2025-04-23 08:33:42.129400
43,Shutter Island,2025-04-23 08:33:42.747856
42,Spider-Man: Into the Spider-Verse,2025-04-23 08:33:44.033482
46,Memento,2025-04-23 08:33:44.712692
44,Whiplash,2025-04-23 08:33:57.924863
44,Whiplash,2025-04-23 08:34:04.319779
44,Whiplash,2025-04-23 08:34:06.510749
44,Whiplash,2025-04-23 08:34:07.886392
12,Schindler’s List,2025-04-25 12:53:44.303301
33,Jurassic Park,2025-04-25 12:54:09.963207
18,Gladiator,2025-04-25 13:04:51.631129
12,Schindler’s List,2025-04-30 11:53:12.263887
39,Titanic,2025-04-30 11:53:34.008720
37,Citizen Kane,2025-04-30 11:54:27.403027
1,Inception,2025-04-30 17:23:09.721183
